identity,model_slot,raw_csv_row,x_m,y_m,z_m,reported_intensity_unspecified_unit,reported_radial_velocity_mps,euclidean_xyz_range_m,azimuth_deg,projection_valid,cached_image_u_px,cached_image_v_px
train/020340,0,20,1.1707439422607422,0.47466927766799927,0.07911154627799988,27.0,-0.6157415509223938,1.265784712443858,22.069721824061492,True,405.5405807495117,286.9064025878906
train/020340,1,22,1.2795219421386719,0.2549149692058563,-0.3823724687099457,25.0,-0.2052471786737442,1.3595465224724308,11.267324939391903,True,343.3478546142578,154.05801391601562
train/020340,2,0,0.04192644730210304,-0.0043950858525931835,0.02051040157675743,24.0,0.0,0.046880916542528704,-5.984372718071953,False,,
train/020340,3,2,1.2344950437545776,0.1977788656949997,-0.1977788656949997,18.0,0.0,1.2657847259648134,9.102027083565192,True,330.0173568725586,204.66294860839844
train/020340,4,9,0.6564897894859314,-0.26370516419410706,0.6153120398521423,15.0,0.4104943573474884,0.9376183465082837,-21.884818350353232,False,,
train/020340,5,10,1.3526006937026978,0.18166354298591614,0.49957475066185,15.0,0.4104943573474884,1.4533083674685372,7.649440652019962,True,329.63043212890625,395.9993896484375
train/020340,6,21,3.633425712585449,-0.2285444587469101,-0.34281668066978455,15.0,-0.4104943573474884,3.656711398927518,-3.5991940629107897,True,296.174259185791,223.68154907226562
train/020340,7,6,3.8896286487579346,-4.430246353149414,0.36918720602989197,14.0,0.0,5.906995257144559,-48.71779957102914,False,,
train/020340,8,16,5.467050552368164,-2.6663520336151123,0.38090744614601135,13.0,0.6157415509223938,6.09451929128475,-25.999096781131236,True,171.14213943481445,283.40185546875
train/020340,9,4,4.567507743835449,-0.5860114693641663,-0.8790172338485718,12.0,0.0,4.688092120428729,-7.311110109444481,True,278.9164924621582,187.795166015625
train/020340,10,13,0.9026098847389221,-0.07032137364149094,0.6680530309677124,12.0,0.6157415509223938,1.1251420140606179,-4.454854267663269,False,,
train/020340,11,23,1.2034797668457031,0.09376183152198792,-0.8907374143600464,12.0,-0.2052471786737442,1.5001893119197212,4.454854560659361,False,,
train/020340,12,25,3.2343521118164062,-0.25198492407798767,2.3938567638397217,12.0,-0.2052471786737442,4.031758945045577,-4.4548542663912025,False,,
train/020340,13,15,4.466007232666016,-2.5784504413604736,0.0,11.0,0.6157415509223938,5.156900937654046,-29.999999647623195,True,140.68376541137695,258.98724365234375
train/020340,14,24,1.3431732654571533,0.37944239377975464,-1.0299150943756104,11.0,-0.2052471786737442,1.734593915837037,15.77482581609469,False,,
train/020340,15,5,4.685144901275635,-0.5977316498756409,-0.7471645474433899,10.0,0.0,4.78185327380174,-7.270529132116043,True,279.6829605102539,199.6752471923828
train/020340,16,11,1.401439905166626,0.46148401498794556,-0.7178640365600586,10.0,0.4104943573474884,1.640832130008776,18.226339878379104,True,387.56053924560547,75.21180725097656
train/020340,17,17,6.061173915863037,-2.3528358936309814,-2.138941764831543,9.0,0.6157415509223938,6.844613784139865,-21.215293624235326,True,200.914306640625,130.66598510742188
train/020340,18,1,0.136050745844841,0.28714561462402344,-0.5742912292480469,8.0,0.0,0.6563328617660238,64.6482178412123,False,,
train/020340,19,18,7.2429585456848145,-2.675142288208008,0.9727789759635925,8.0,0.6157415509223938,7.782231922317931,-20.271399639328628,True,210.91293334960938,306.0538635253906
train/020340,20,3,1.1246182918548584,-0.13185258209705353,-1.7800098657608032,7.0,0.0,2.1096413268577177,-6.686948644636787,False,,
train/020340,21,7,2.8678643703460693,-3.589320182800293,0.0,7.0,0.2052471786737442,4.594329703162147,-51.37516916885229,False,,
train/020340,22,8,4.589840888977051,-0.14357280731201172,0.14357280731201172,7.0,0.2052471786737442,4.5943297321943,-1.7916600318635034,True,310.60983657836914,268.6273193359375
train/020340,23,12,1.7462743520736694,-2.4612481594085693,-2.2268435955047607,7.0,0.4104943573474884,3.7504731719801643,-54.64400834175139,False,,
train/020340,24,14,3.1371870040893555,-2.5198493003845215,0.25198492407798767,7.0,0.6157415509223938,4.031758821809421,-38.77210435665793,True,66.35713577270508,289.2676696777344
train/020340,25,19,7.9096999168396,-2.60775089263916,0.521550178527832,7.0,0.6157415509223938,8.344802698760176,-18.2468836582589,True,223.62430572509766,281.112548828125
train/003936,0,0,0.04117747023701668,-0.0043950858525931835,0.021975429728627205,26.0,0.0,0.04688091665624608,-6.0924110785598575,False,,
train/003936,1,13,3.09808611869812,-3.8823258876800537,0.1552930325269699,22.0,-0.2052471786737442,4.969377005518108,-51.41022246859263,False,,
train/003936,2,4,7.648053169250488,-2.2414937019348145,0.0,14.0,-0.6157415509223938,7.969756037388841,-16.33482140538111,True,234.37807083129883,257.1841125488281
train/003936,3,5,2.089390516281128,0.8218809962272644,0.8218809962272644,13.0,-0.4104943573474884,2.3909264885070307,21.472652133054044,True,429.54967498779297,402.7821960449219
train/003936,4,1,0.19672894477844238,0.3281664252281189,-0.5332704186439514,10.0,0.0,0.656332857444557,59.05818958740739,False,,
train/003936,5,2,0.23742496967315674,-0.14357280731201172,0.594801664352417,10.0,0.0,0.6563328325934615,-31.161694213151545,False,,
train/003936,6,6,2.4177606105804443,0.7120039463043213,0.23733463883399963,9.0,-0.4104943573474884,2.5315694184473228,16.40912220866974,True,400.69801330566406,294.1000671386719
train/003936,7,7,2.4517409801483154,0.7515596747398376,0.7515596747398376,9.0,-0.4104943573474884,2.6722121403677375,17.042461098208918,True,406.2010955810547,370.3484191894531
train/003936,8,9,2.9151663780212402,0.5347354412078857,1.7111533880233765,9.0,-0.4104943573474884,3.4223066667049507,10.394339282605527,True,373.1882095336914,472.66864013671875
train/003936,9,10,3.624176025390625,-4.54158878326416,-0.18166354298591614,9.0,-0.4104943573474884,5.8132333672524465,-51.41022398016887,False,,
train/003936,10,8,3.088501453399658,0.6153120398521423,0.9229680299758911,8.0,-0.4104943573474884,3.2816642299900796,11.267324986349415,True,377.7968215942383,366.8752746582031
train/003936,11,11,0.23972365260124207,-0.17580343782901764,0.637287437915802,8.0,-0.2052471786737442,0.703213734858947,-36.25478466056437,False,,
train/003936,12,3,0.27912524342536926,0.22561441361904144,-0.9669189453125,7.0,0.0,1.0313801490983685,38.94829610205021,False,,
train/003936,13,12,0.3922119438648224,0.24905486404895782,0.6475426554679871,7.0,-0.2052471786737442,0.7969755484751083,32.41557644767145,False,,
train/003936,14,14,3.580198049545288,-4.989887237548828,0.0,7.0,-0.2052471786737442,6.141399898835815,-54.34090941914187,False,,
train/020008,0,0,0.04192644730210304,-0.0043950858525931835,0.02051040157675743,23.0,0.0,0.046880916542528704,-5.984372718071953,False,,
train/020008,1,1,1.0465474128723145,-0.9229680299758911,0.17580343782901764,14.0,0.2052471786737442,1.4064275027529194,-41.409621085112335,True,4.287528991699219,326.3206787109375
train/020008,2,2,1.2078092098236084,-1.898677110671997,0.0,14.0,0.2052471786737442,2.2502839505103553,-57.53825633392282,False,,
train/020008,3,5,1.8855072259902954,0.36918720602989197,-0.43071842193603516,9.0,0.4104943573474884,1.9689984894237083,11.07850303542847,True,359.5740509033203,176.67916870117188
train/020008,4,6,3.8347318172454834,0.8614368438720703,-0.24612480401992798,9.0,0.6157415509223938,3.937996821396504,12.660787636794764,True,387.9894256591797,233.42176818847656
train/020008,5,3,2.590003252029419,2.080340623855591,0.20803406834602356,8.0,0.2052471786737442,3.3285450470707816,38.77210301344091,True,566.2213897705078,286.0620422363281
train/020008,6,4,2.4481308460235596,2.3528358936309814,0.4277883470058441,8.0,0.2052471786737442,3.4223068610871703,43.862878668088,True,616.8999862670898,320.98870849609375
train/020145,0,11,1.0341876745224,-0.3032609224319458,0.033695656806230545,34.0,-0.6157415509223938,1.0782609751335377,-16.343029596264113,True,180.5977439880371,277.1238098144531
train/020145,1,10,1.308418869972229,-0.22707942128181458,0.5904065370559692,30.0,-1.0262359380722046,1.4533082542487366,-9.845756919011489,True,232.50446319580078,425.71478271484375
train/020145,2,0,0.04192644730210304,-0.0043950858525931835,0.02051040157675743,23.0,0.0,0.046880916542528704,-5.984372718071953,False,,
train/020145,3,12,1.221153974533081,-0.241729736328125,0.9185729622840881,19.0,-0.6157415509223938,1.5470703222486593,-11.197053447402523,False,,
train/020145,4,15,0.9428048133850098,-0.14064274728298187,-0.5977316498756409,19.0,-0.2052471786737442,1.1251419571628745,-8.484521599213503,True,215.40363311767578,39.77317810058594
train/020145,5,4,1.124713659286499,-0.0,0.3296314477920532,15.0,0.2052471786737442,1.1720229122159311,-0.0,True,277.3281669616699,369.5897216796875
train/020145,6,13,2.349306583404541,-0.6094518899917603,0.2285444587469101,11.0,-0.4104943573474884,2.4378075392996807,-14.542965091455319,True,226.11591339111328,295.1316833496094
train/020145,7,14,1.1578583717346191,-2.1330816745758057,0.2285444587469101,11.0,-0.4104943573474884,2.437807623466418,-61.50644130808415,False,,
train/020145,8,1,0.5880225300788879,0.08790171891450882,-1.274574875831604,10.0,0.0,1.4064275033465645,8.50201701758288,False,,
train/020145,9,5,3.1761319637298584,-2.1623823642730713,0.12013234943151474,9.0,0.4104943573474884,3.8442351022961145,-34.24791797692932,True,103.55291366577148,273.7338562011719
train/020145,10,6,3.971702814102173,-2.0920608043670654,-3.312429666519165,9.0,0.4104943573474884,5.57882890473909,-27.77763888922895,False,,
train/020145,11,7,7.030342102050781,1.579300880432129,0.4512288272380829,9.0,0.4104943573474884,7.219661266107445,12.66078687500487,True,396.8916320800781,279.1973876953125
train/020145,12,8,7.048205375671387,1.6100664138793945,-1.3800569772720337,9.0,0.4104943573474884,7.360303671402608,12.867646983528239,True,396.5418243408203,183.99859619140625
train/020145,13,2,1.404457449913025,-0.09962194412946701,-0.7471646070480347,7.0,0.0,1.5939511317457558,-4.057348064184587,True,262.5479316711426,71.0267333984375
train/020145,14,3,1.23527193069458,-0.14943291246891022,0.9962194561958313,7.0,0.0,1.5939511106034507,-6.897649561118764,False,,
train/020145,15,9,7.213608264923096,0.9317582249641418,1.6305768489837646,7.0,0.4104943573474884,7.454065900567082,7.359957992723991,True,367.7505111694336,338.66937255859375
