condition,method,controller_runs,AP_percent,AP50_percent,AP75_percent
clean,confidence,1,"{""SD"": null, ""all_values"": [61.78948745881993], ""mean"": 61.78948745881993}","{""SD"": null, ""all_values"": [77.9286612239771], ""mean"": 77.9286612239771}","{""SD"": null, ""all_values"": [69.22906997161238], ""mean"": 69.22906997161238}"
clean,cure,1,"{""SD"": null, ""all_values"": [61.46852524609443], ""mean"": 61.46852524609443}","{""SD"": null, ""all_values"": [77.5433292753851], ""mean"": 77.5433292753851}","{""SD"": null, ""all_values"": [69.44618300991094], ""mean"": 69.44618300991094}"
clean,fitting_RMS_margin,5,"{""SD"": 0.012661872577223178, ""all_values"": [62.343249713722535, 62.3315701621283, 62.36000572490023, 62.36027755489341, 62.340385401134256], ""mean"": 62.347097711355744}","{""SD"": 0.017143400655694804, ""all_values"": [78.61998677035635, 78.59198877894896, 78.60189252849652, 78.63466037330032, 78.60119115804535], ""mean"": 78.60994392182951}","{""SD"": 0.013011219900620695, ""all_values"": [69.72539561634427, 69.7128811547849, 69.74128727294688, 69.73024139280942, 69.70937396860941], ""mean"": 69.72383588109896}"
clean,modality_dropout,1,"{""SD"": null, ""all_values"": [61.74123413987785], ""mean"": 61.74123413987785}","{""SD"": null, ""all_values"": [77.73473188998724], ""mean"": 77.73473188998724}","{""SD"": null, ""all_values"": [68.36204790362369], ""mean"": 68.36204790362369}"
clean,positive_mean,5,"{""SD"": 0.0656783610637136, ""all_values"": [62.047194236954525, 62.11876607832697, 61.94845703215602, 62.00720493420033, 62.079284468232], ""mean"": 62.04018134997396}","{""SD"": 0.1239201023743096, ""all_values"": [78.22572513586974, 78.38083924366235, 78.1817531686415, 78.05537383573592, 78.30636728294574], ""mean"": 78.23001173337106}","{""SD"": 0.1513274213214185, ""all_values"": [69.29641756188963, 69.5060344882478, 69.12335900054183, 69.38364307841549, 69.19538932123996], ""mean"": 69.30096869006695}"
clean,selector_permuted,5,"{""SD"": 0.016114509725959777, ""all_values"": [62.338123801992126, 62.31119251887265, 62.34580728424787, 62.323033700909356, 62.30949432988445], ""mean"": 62.3255303271813}","{""SD"": 0.04074325304069446, ""all_values"": [78.62526416510116, 78.6388327589158, 78.69439060306918, 78.63278939200778, 78.58021954191739], ""mean"": 78.63429929220226}","{""SD"": 0.02322545749686273, ""all_values"": [69.85498478846137, 69.79208814759926, 69.80826789117135, 69.81488413276294, 69.82185070624145], ""mean"": 69.81841513324727}"
clean,selector_utility,5,"{""SD"": 0.07362397462147006, ""all_values"": [62.21687842703445, 62.22240358822292, 62.301722386295275, 62.36982231057734, 62.36330316373565], ""mean"": 62.294825975173126}","{""SD"": 0.14818203546548886, ""all_values"": [78.4268144570375, 78.64164926656497, 78.70504514224108, 78.6952972514738, 78.83275689124457], ""mean"": 78.66031260171238}","{""SD"": 0.1545847270755464, ""all_values"": [69.57329330690303, 69.46055448710446, 69.83944504508042, 69.78714973204785, 69.67082074928591], ""mean"": 69.66625266408434}"
clean,selector_zero,5,"{""SD"": 0.046934206692831895, ""all_values"": [62.23473469682046, 62.323066485476375, 62.32129220385841, 62.3271926902528, 62.24202390348002], ""mean"": 62.28966199597761}","{""SD"": 0.08714652816140525, ""all_values"": [78.46987485355595, 78.65438074007645, 78.67107645534543, 78.6249636080781, 78.52668238853349], ""mean"": 78.58939560911787}","{""SD"": 0.16415351993954716, ""all_values"": [69.77671439330287, 69.80302176012445, 69.79602927488106, 69.83788327520249, 69.4396989913155], ""mean"": 69.73066953896527}"
clean,task_only,1,"{""SD"": null, ""all_values"": [62.32842133589812], ""mean"": 62.32842133589812}","{""SD"": null, ""all_values"": [78.5763299149019], ""mean"": 78.5763299149019}","{""SD"": null, ""all_values"": [69.67570609737066], ""mean"": 69.67570609737066}"
camera_removed,confidence,1,"{""SD"": null, ""all_values"": [0.007451419855697171], ""mean"": 0.007451419855697171}","{""SD"": null, ""all_values"": [0.042394577411693994], ""mean"": 0.042394577411693994}","{""SD"": null, ""all_values"": [0.0006526962599520031], ""mean"": 0.0006526962599520031}"
camera_removed,cure,1,"{""SD"": null, ""all_values"": [0.0302036484318159], ""mean"": 0.0302036484318159}","{""SD"": null, ""all_values"": [0.1944402940933885], ""mean"": 0.1944402940933885}","{""SD"": null, ""all_values"": [0.00038252119133091826], ""mean"": 0.00038252119133091826}"
camera_removed,fitting_RMS_margin,5,"{""SD"": 0.0031451027148797213, ""all_values"": [0.011961285764493287, 0.006901799303634008, 0.008281046293214888, 0.013583365777199543, 0.006566249195874865], ""mean"": 0.009458749266883318}","{""SD"": 0.02219621397796173, ""all_values"": [0.07693017625098546, 0.042201723727949815, 0.04967527712933852, 0.08907002076607745, 0.03958178515569036], ""mean"": 0.05949179660600832}","{""SD"": 0.00021509040588306072, ""all_values"": [0.00028418236303485577, 0.0006061979652142396, 0.0007852620488010361, 0.00029513400127032484, 0.0005640143377201307], ""mean"": 0.0005069581432081174}"
camera_removed,modality_dropout,1,"{""SD"": null, ""all_values"": [0.07357247999600824], ""mean"": 0.07357247999600824}","{""SD"": null, ""all_values"": [0.41342810770682814], ""mean"": 0.41342810770682814}","{""SD"": null, ""all_values"": [0.0004929668144731084], ""mean"": 0.0004929668144731084}"
camera_removed,positive_mean,5,"{""SD"": 0.0031901773626168304, ""all_values"": [0.023669254053336926, 0.018136928270020457, 0.02121785812053898, 0.023981242834080294, 0.016915324233172803], ""mean"": 0.020784121502229892}","{""SD"": 0.018831554214257747, ""all_values"": [0.15123748895529515, 0.1181958092473309, 0.13572067084620204, 0.1536755070269443, 0.11205288870352442], ""mean"": 0.13417647295585935}","{""SD"": 1.9887137913249005e-05, ""all_values"": [0.00034578405104537905, 0.000317196845381795, 0.0003232724984644268, 0.0003490355161147592, 0.00030181122317474076], ""mean"": 0.00032742002683622013}"
camera_removed,selector_permuted,5,"{""SD"": 0.0, ""all_values"": [0.0302036484318159, 0.0302036484318159, 0.0302036484318159, 0.0302036484318159, 0.0302036484318159], ""mean"": 0.0302036484318159}","{""SD"": 0.0, ""all_values"": [0.1944402940933885, 0.1944402940933885, 0.1944402940933885, 0.1944402940933885, 0.1944402940933885], ""mean"": 0.1944402940933885}","{""SD"": 0.0, ""all_values"": [0.00038252119133091826, 0.00038252119133091826, 0.00038252119133091826, 0.00038252119133091826, 0.00038252119133091826], ""mean"": 0.00038252119133091826}"
camera_removed,selector_utility,5,"{""SD"": 0.0, ""all_values"": [0.0302036484318159, 0.0302036484318159, 0.0302036484318159, 0.0302036484318159, 0.0302036484318159], ""mean"": 0.0302036484318159}","{""SD"": 0.0, ""all_values"": [0.1944402940933885, 0.1944402940933885, 0.1944402940933885, 0.1944402940933885, 0.1944402940933885], ""mean"": 0.1944402940933885}","{""SD"": 0.0, ""all_values"": [0.00038252119133091826, 0.00038252119133091826, 0.00038252119133091826, 0.00038252119133091826, 0.00038252119133091826], ""mean"": 0.00038252119133091826}"
camera_removed,selector_zero,5,"{""SD"": 0.0, ""all_values"": [0.0302036484318159, 0.0302036484318159, 0.0302036484318159, 0.0302036484318159, 0.0302036484318159], ""mean"": 0.0302036484318159}","{""SD"": 0.0, ""all_values"": [0.1944402940933885, 0.1944402940933885, 0.1944402940933885, 0.1944402940933885, 0.1944402940933885], ""mean"": 0.1944402940933885}","{""SD"": 0.0, ""all_values"": [0.00038252119133091826, 0.00038252119133091826, 0.00038252119133091826, 0.00038252119133091826, 0.00038252119133091826], ""mean"": 0.00038252119133091826}"
camera_removed,task_only,1,"{""SD"": null, ""all_values"": [0.003693275631156261], ""mean"": 0.003693275631156261}","{""SD"": null, ""all_values"": [0.021925499259057766], ""mean"": 0.021925499259057766}","{""SD"": null, ""all_values"": [0.00012704837413986803], ""mean"": 0.00012704837413986803}"
radar_removed,confidence,1,"{""SD"": null, ""all_values"": [60.41722484993196], ""mean"": 60.41722484993196}","{""SD"": null, ""all_values"": [77.06887756940684], ""mean"": 77.06887756940684}","{""SD"": null, ""all_values"": [68.13116581287797], ""mean"": 68.13116581287797}"
radar_removed,cure,1,"{""SD"": null, ""all_values"": [60.33464463564161], ""mean"": 60.33464463564161}","{""SD"": null, ""all_values"": [77.10354221971221], ""mean"": 77.10354221971221}","{""SD"": null, ""all_values"": [68.24228778134488], ""mean"": 68.24228778134488}"
radar_removed,fitting_RMS_margin,5,"{""SD"": 0.07097116411387525, ""all_values"": [61.30480621059575, 61.36149048386237, 61.23480597492982, 61.36614360669005, 61.42198240075034], ""mean"": 61.33784573536567}","{""SD"": 0.1140206973718247, ""all_values"": [78.33701552151527, 78.44385399900422, 78.28576769440885, 78.43055129359965, 78.58278216697708], ""mean"": 78.41599413510102}","{""SD"": 0.07381287366692853, ""all_values"": [68.13565775538721, 68.19895327707334, 68.06584146722025, 68.23772129919102, 68.23682429079292], ""mean"": 68.17499961793295}"
radar_removed,modality_dropout,1,"{""SD"": null, ""all_values"": [61.724752568486274], ""mean"": 61.724752568486274}","{""SD"": null, ""all_values"": [78.36727798856433], ""mean"": 78.36727798856433}","{""SD"": null, ""all_values"": [68.70740304445638], ""mean"": 68.70740304445638}"
radar_removed,positive_mean,5,"{""SD"": 0.2357109365713465, ""all_values"": [60.42474336812024, 60.71390665302504, 60.29856430659291, 60.37187118040301, 60.84428176981497], ""mean"": 60.53067345559124}","{""SD"": 0.20491497107557577, ""all_values"": [77.07649748331592, 77.30072578827601, 76.84879297982337, 76.90784682675049, 77.27010044955759], ""mean"": 77.08079270554467}","{""SD"": 0.2176129865637146, ""all_values"": [67.57815654444133, 68.06970420814739, 67.80391649459891, 67.61457343595114, 67.98319201748495], ""mean"": 67.80990854012475}"
radar_removed,selector_permuted,5,"{""SD"": 0.028667366771897674, ""all_values"": [61.02124052480045, 61.07562662229107, 61.08214521455455, 61.09678408759446, 61.073646218506916], ""mean"": 61.06988853354949}","{""SD"": 0.050673845436941166, ""all_values"": [78.27553990810425, 78.36870011522458, 78.39132793195117, 78.40485661431978, 78.36936932312891], ""mean"": 78.36195877854576}","{""SD"": 0.028432408974184805, ""all_values"": [67.824358122099, 67.8825606715023, 67.88850204507881, 67.84416839041344, 67.88201392740298], ""mean"": 67.86432063129931}"
radar_removed,selector_utility,5,"{""SD"": 0.1000829337996519, ""all_values"": [60.78774770265364, 60.670271800993305, 60.795132933515184, 60.917229280567106, 60.90179575135672], ""mean"": 60.814435493817186}","{""SD"": 0.18248325256666734, ""all_values"": [77.61232771212646, 77.60975897600737, 77.74756953412935, 78.05721158176986, 77.7783662233951], ""mean"": 77.76104680548562}","{""SD"": 0.10880965738741898, ""all_values"": [67.52032566678466, 67.53302497689347, 67.5898054276898, 67.59449276636012, 67.79119801873516], ""mean"": 67.60576937129264}"
radar_removed,selector_zero,5,"{""SD"": 0.03388619779559314, ""all_values"": [61.06660536484094, 61.09547588636948, 61.07343107630938, 61.09492507795385, 61.01247105546243], ""mean"": 61.068581692187216}","{""SD"": 0.04850066556710868, ""all_values"": [78.39145786340141, 78.40277910565078, 78.37433477435872, 78.36124134936726, 78.27998876472834], ""mean"": 78.3619603715013}","{""SD"": 0.03634539751083249, ""all_values"": [67.84835495576232, 67.91018374873417, 67.881391162247, 67.82271702868903, 67.83192460252457], ""mean"": 67.85891429959142}"
radar_removed,task_only,1,"{""SD"": null, ""all_values"": [61.45016150323981], ""mean"": 61.45016150323981}","{""SD"": null, ""all_values"": [78.53307536455249], ""mean"": 78.53307536455249}","{""SD"": null, ""all_values"": [68.24535498708302], ""mean"": 68.24535498708302}"
radar_thinned_fresh,confidence,1,"{""SD"": null, ""all_values"": [61.65484383309613], ""mean"": 61.65484383309613}","{""SD"": null, ""all_values"": [77.88653570294001], ""mean"": 77.88653570294001}","{""SD"": null, ""all_values"": [69.03791742610579], ""mean"": 69.03791742610579}"
radar_thinned_fresh,cure,1,"{""SD"": null, ""all_values"": [61.319289928647315], ""mean"": 61.319289928647315}","{""SD"": null, ""all_values"": [77.47543992887367], ""mean"": 77.47543992887367}","{""SD"": null, ""all_values"": [69.26201032516991], ""mean"": 69.26201032516991}"
radar_thinned_fresh,fitting_RMS_margin,5,"{""SD"": 0.011847258219385502, ""all_values"": [62.20921324685029, 62.19748004842091, 62.211945730702226, 62.199552527901105, 62.227187137588935], ""mean"": 62.2090757382927}","{""SD"": 0.01677311507283015, ""all_values"": [78.49410739572058, 78.44934791727127, 78.46861988537557, 78.45839051239395, 78.46977143827402], ""mean"": 78.46804742980707}","{""SD"": 0.013515626064971729, ""all_values"": [69.36638162395549, 69.36616262955756, 69.38328738959895, 69.39001176819752, 69.35732922250992], ""mean"": 69.3726345267639}"
radar_thinned_fresh,modality_dropout,1,"{""SD"": null, ""all_values"": [61.654029411269484], ""mean"": 61.654029411269484}","{""SD"": null, ""all_values"": [77.69052219060498], ""mean"": 77.69052219060498}","{""SD"": null, ""all_values"": [68.2800262141698], ""mean"": 68.2800262141698}"
radar_thinned_fresh,positive_mean,5,"{""SD"": 0.13425028021266264, ""all_values"": [61.85029496211817, 61.99994223475893, 61.675080979101196, 61.77132448044526, 61.963327713231884], ""mean"": 61.85199407393109}","{""SD"": 0.17251480940699357, ""all_values"": [78.12774875185698, 78.37663776879307, 78.00757120238018, 77.93734307980012, 78.20820452250109], ""mean"": 78.13150106506629}","{""SD"": 0.17893922398537215, ""all_values"": [68.99233381581251, 69.22811626841312, 68.75295194161247, 68.95604526489288, 68.84884758874054], ""mean"": 68.95565897589431}"
radar_thinned_fresh,selector_permuted,5,"{""SD"": 0.06243539374334365, ""all_values"": [61.964150672244145, 62.07907149710115, 62.10060862515099, 62.128183819877734, 62.067785455795], ""mean"": 62.0679600140338}","{""SD"": 0.10374032810867428, ""all_values"": [78.23963232552504, 78.43582586983126, 78.48141398537138, 78.47958867325498, 78.34376334586307], ""mean"": 78.39604483996915}","{""SD"": 0.06589943493399056, ""all_values"": [69.27249736657832, 69.41759662861834, 69.42356167223778, 69.43001887358903, 69.39920553633908], ""mean"": 69.38857601547252}"
radar_thinned_fresh,selector_utility,5,"{""SD"": 0.061630868859426396, ""all_values"": [61.95326753759358, 62.11589631403574, 62.03727448314744, 62.08046196047656, 62.0703627886362], ""mean"": 62.05145261677791}","{""SD"": 0.1515561803822198, ""all_values"": [78.19324735646504, 78.59669589911195, 78.4326072234766, 78.45880449717659, 78.51764386365787], ""mean"": 78.43979976797762}","{""SD"": 0.11739748730558502, ""all_values"": [69.37322988724782, 69.3341778776147, 69.36843524563875, 69.26671917515056, 69.09097768029856], ""mean"": 69.28670797319009}"
radar_thinned_fresh,selector_zero,5,"{""SD"": 0.060292970931534275, ""all_values"": [62.023463177693515, 62.079922811768554, 62.10865974999661, 62.121501830186055, 61.97822836849001], ""mean"": 62.06235518762695}","{""SD"": 0.10067528829246666, ""all_values"": [78.30390323552365, 78.43584159341901, 78.47668848316215, 78.4594375652569, 78.25295568429486], ""mean"": 78.38576531233132}","{""SD"": 0.19819719180469014, ""all_values"": [69.37925648751782, 69.41722332291235, 69.41960901331433, 69.46252946739257, 68.98140188821664], ""mean"": 69.33200403587074}"
radar_thinned_fresh,task_only,1,"{""SD"": null, ""all_values"": [62.16774028283274], ""mean"": 62.16774028283274}","{""SD"": null, ""all_values"": [78.37761333058494], ""mean"": 78.37761333058494}","{""SD"": null, ""all_values"": [69.29444054753368], ""mean"": 69.29444054753368}"
